{
  "dragonDifficulty": {
    "desc:": "Sets the dragon difficulty modifier, the higher the more difficult the dragon gets.Scales up mob spawn amount, dragon damage and health aswell as crystal respawn intervals. Note that the difficulty already scales on the playercount involved in the fight, this is a static bonus ontop.default:2, vanilla:0",
    "dragonDifficulty": 4
  },
  "crystalRespawnTimeModifier": {
    "desc:": "Modifies crystal respawn time, 0.5 = spawns twice as fast, 2 = twice as slow. default:1.0",
    "crystalRespawnTimeModifier": 5.0
  },
  "lightningExplosionDensity": {
    "desc:": "Modifies lightning and explosion density, 0.5 = half as many, 2 = twice as many. default:1.0",
    "lightningExplosionDensity": 1.0
  },
  "disableLightning": {
    "desc:": "Disables lightning spawns: default:false",
    "disableLightning": true
  },
  "printDragonPhases": {
    "desc:": "Prints the dragon phase in chat if enabled: default:false",
    "printDragonPhases": false
  },
  "disableDragonAreaSpawns": {
    "desc:": "Disables mob spawning on the Dragon island during the fight: default:true",
    "disableDragonAreaSpawns": true
  },
  "descSpawnEntries": "Below are configuration options for entity spawning, when trying to use nbt append it right after the entity type, e.g. minecraft:zombie{}. Put a backslash in front of all quotation marks",
  "spawnoncrystaldestroy": {
    "desc:": "List of mobs spawning when a crystal is destroyed at range, intended to be flying or ranged to close the gap: e.g. format :  [\"minecraft:zombie\", \"minecraft:creeper\"]",
    "spawnoncrystaldestroy": [
      "minecraft:phantom", "born_in_chaos_v1:scarlet_persecutor", "born_in_chaos_v1:senor_pumpkin", "deep_dark_regrowth:spectator", "tenebrous_lands:shiva"
    ]
  },
  "spawnoncrystalrespawn": {
    "desc:": "List of mobs spawning on crystal respawn, intended to be ranged to ward of players from a distance: e.g. format :  [\"minecraft:zombie\", \"minecraft:creeper\"]",
    "spawnoncrystalrespawn": [
      "minecraft:blaze", "born_in_chaos_v1:supreme_bonescaller", "born_in_chaos_v1:dark_vortex", "monsterplus:abyssologer", "undead_unleashed:graveriser"
    ]
  },
  "spawnwhilelanded": {
    "desc:": "List of mobs spawning while the dragon is sitting in the middle, intended to be melee and not vulnerable to ranged: e.g. format :  [\"minecraft:zombie\", \"minecraft:creeper\"]",
    "spawnwhilelanded": [
      "minecraft:enderman", "born_in_chaos_v1:fallen_chaos_knight", "born_in_chaos_v1:dire_hound_leader", "born_in_chaos_v1:nightmare_stalker", "born_in_chaos_v1:skeleton_thrasher", "tenebrous_lands:skinwalker", "tenebrous_lands:wendigo", "majruszsdifficulty:cerberus"
    ]
  }
}